ETRiS_Dev,Bld_Class,GED4ALLstr,Event,Latitude,Longitude,Dam_Scale,Modelling,Comments,Download,Original_doc,Code,
Yes,Brick masonry residential,MUR/HAPP:1+HFAPP:/RES,South Pacific Tsunami 2009,-13.84399339,-171.7580738,6 Tier/Reese 2011,"using ""logit"" link function",Model 1; DL0 to DL5,https://github.com/eurotsunamirisk/etris_data_and_data_products/blob/main/etris_data_products/Fragility_Curves/Brick%20masonry%20residential_South%20Pacific%20Tsunami%202009_M1.csv,https://doi.org/10.1016/j.earscirev.2011.01.009,1,
Yes,Timber,W/HAPP:1+HFAPP:/RES,South Pacific Tsunami 2009,-13.84432674,-171.7494907,7 Tier/Reese 2011,"using ""logit"" link function",Model 1; DL2 to DL5,https://github.com/eurotsunamirisk/etris_data_and_data_products/blob/main/etris_data_products/Fragility_Curves/Timber_South%20Pacific%20Tsunami%202009_M1.csv,https://doi.org/10.1016/j.earscirev.2011.01.009,2,
Yes,"Reinforced Concrete, 1 storey, residential",CR/HAPP:1+HFAPP:/RES,South Pacific Tsunami 2009,-13.8468773,-171.743871,8 Tier/Reese 2011,"using ""logit"" link function","Model 1; DL1, DL2, DL3+DL4+DL5",https://github.com/eurotsunamirisk/etris_data_and_data_products/blob/main/etris_data_products/Fragility_Curves/Reinforced%20Concrete%2C%201%20storey%2C%20residential_South%20Pacific%20Tsunami%202009_M1.csv,https://doi.org/10.1016/j.earscirev.2011.01.009,3,
Yes,Brick masonry residential,MUR/HAPP:1+HFAPP:/RES,South Pacific Tsunami 2009,-13.84299339,-171.7580738,6 Tier/Reese 2011,"using ""probit"" link function",Model 2; DL0 to DL5,https://github.com/eurotsunamirisk/etris_data_and_data_products/blob/main/etris_data_products/Fragility_Curves/Brick%20masonry%20residential_South%20Pacific%20Tsunami%202009_M2.csv,https://doi.org/10.1016/j.earscirev.2011.01.009,1,
Yes,Timber,W/HAPP:1+HFAPP:/RES,South Pacific Tsunami 2009,-13.84332674,-171.7494907,7 Tier/Reese 2011,"using ""probit"" link function",Model 2; DL2 to DL5,https://github.com/eurotsunamirisk/etris_data_and_data_products/blob/main/etris_data_products/Fragility_Curves/Timber_South%20Pacific%20Tsunami%202009_M2.csv,https://doi.org/10.1016/j.earscirev.2011.01.009,2,
Yes,"Reinforced Concrete, 1 storey, residential",CR/HAPP:1+HFAPP:/RES,South Pacific Tsunami 2009,-13.8458773,-171.743871,8 Tier/Reese 2011,"using ""probit"" link function","Model 2; DL1, DL2, DL3+DL4+DL5",https://github.com/eurotsunamirisk/etris_data_and_data_products/blob/main/etris_data_products/Fragility_Curves/Reinforced%20Concrete%2C%201%20storey%2C%20residential_South%20Pacific%20Tsunami%202009_M2.csv,https://doi.org/10.1016/j.earscirev.2011.01.009,3,
Yes,Brick masonry residential,MUR/HAPP:1+HFAPP:/RES,South Pacific Tsunami 2009,-13.84199339,-171.7580738,6 Tier/Reese 2011,"using ""cloglog"" link function",Model 3; DL0 to DL5,https://github.com/eurotsunamirisk/etris_data_and_data_products/blob/main/etris_data_products/Fragility_Curves/Brick%20masonry%20residential_South%20Pacific%20Tsunami%202009_M3.csv,https://doi.org/10.1016/j.earscirev.2011.01.009,1,
Yes,Timber,W/HAPP:1+HFAPP:/RES,South Pacific Tsunami 2009,-13.84232674,-171.7494907,7 Tier/Reese 2011,"using ""cloglog"" link function",Model 3; DL2 to DL5,https://github.com/eurotsunamirisk/etris_data_and_data_products/blob/main/etris_data_products/Fragility_Curves/Timber_South%20Pacific%20Tsunami%202009_M3.csv,https://doi.org/10.1016/j.earscirev.2011.01.009,2,
Yes,"Reinforced Concrete, 1 storey, residential",CR/HAPP:1+HFAPP:/RES,South Pacific Tsunami 2009,-13.8448773,-171.743871,8 Tier/Reese 2011,"using ""cloglog"" link function","Model 3; DL1, DL2, DL3+DL4+DL5",https://github.com/eurotsunamirisk/etris_data_and_data_products/blob/main/etris_data_products/Fragility_Curves/Reinforced%20Concrete%2C%201%20storey%2C%20residential_South%20Pacific%20Tsunami%202009_M3.csv,https://doi.org/10.1016/j.earscirev.2011.01.009,3,
Yes,Non engineered light timber,W+WLI/HEX:1+HFAPP:0.20,Sulawesi Tsunami (Palu) 2018,-0.892910841,119.8563315,4 Tier/Peiris 2006,"using ""logit"" link function",Model 1; DL1; DL2; DL3,https://github.com/eurotsunamirisk/etris_data_and_data_products/blob/main/etris_data_products/Fragility_Curves/Non%20engineered%20light%20timber_Sulawesi%20Tsunami%202018_M1.csv,https://doi.org/10.1007/s00024-019-02254-9,4,
Yes,Non engineered masonry; un reinforced with clay brick; 1 storey,MUR+CLBRS/HEX:1+HFAPP:0.30,Sulawesi Tsunami (Palu) 2018,-0.892359958,119.8659338,4 Tier/Peiris 2006,"using ""logit"" link function",Model 1; DL0; DL1; DL2+DL3,https://github.com/eurotsunamirisk/etris_data_and_data_products/blob/main/etris_data_products/Fragility_Curves/Non%20engineered%20masonry%2C%20un%20reinforced%20with%20clay%20brick%2C%201%20storey_Sulawesi%20Tsunami%202018_M1.csv,https://doi.org/10.1007/s00024-019-02254-9,5,
Yes,Non engineered masonry; un reinforced with clay brick; 2 storey,MUR+CLBRS/HEX:2+HFAPP:0.30,Sulawesi Tsunami (Palu) 2018,-0.889841636,119.8750638,4 Tier/Peiris 2006,"using ""logit"" link function",Model 1; DL0; DL1; DL2+DL3,https://github.com/eurotsunamirisk/etris_data_and_data_products/blob/main/etris_data_products/Fragility_Curves/Non%20engineered%20masonry%2C%20un%20reinforced%20with%20clay%20brick%2C%202%20storey_Sulawesi%20Tsunami%202018_M1.csv,https://doi.org/10.1007/s00024-019-02254-9,6,
Yes,Masonry; unknown; 1 storey,M99/HEX:1+HFAPP:0.33,Sulawesi Tsunami (Palu) 2018,-0.875046458,119.8764018,4 Tier/Peiris 2006,"using ""logit"" link function",Model 1; DL1; DL2; DL3,https://github.com/eurotsunamirisk/etris_data_and_data_products/blob/main/etris_data_products/Fragility_Curves/Masonry%2C%20unknown%2C%201%20storey_Sulawesi%20Tsunami%202018_M1.csv,https://doi.org/10.1007/s00024-019-02254-9,7,
Yes,Non engineered light timber,W+WLI/HEX:1+HFAPP:0.20,Sulawesi Tsunami (Palu) 2018,-0.893910841,119.8563315,4 Tier/Peiris 2006,"using ""probit"" link function",Model 2; DL1; DL2; DL3,https://github.com/eurotsunamirisk/etris_data_and_data_products/blob/main/etris_data_products/Fragility_Curves/Non%20engineered%20light%20timber_Sulawesi%20Tsunami%202018_M2.csv,https://doi.org/10.1007/s00024-019-02254-9,4,
Yes,Non engineered masonry; un reinforced with clay brick; 1 storey,MUR+CLBRS/HEX:1+HFAPP:0.30,Sulawesi Tsunami (Palu) 2018,-0.893359958,119.8659338,4 Tier/Peiris 2006,"using ""probit"" link function",Model 2; DL0; DL1; DL2+DL3,https://github.com/eurotsunamirisk/etris_data_and_data_products/blob/main/etris_data_products/Fragility_Curves/Non%20engineered%20masonry%2C%20un%20reinforced%20with%20clay%20brick%2C%201%20storey_Sulawesi%20Tsunami%202018_M2.csv,https://doi.org/10.1007/s00024-019-02254-9,5,
Yes,Non engineered masonry; un reinforced with clay brick; 2 storey,MUR+CLBRS/HEX:2+HFAPP:0.30,Sulawesi Tsunami (Palu) 2018,-0.890841636,119.8750638,4 Tier/Peiris 2006,"using ""probit"" link function",Model 2; DL0; DL1; DL2+DL3,https://github.com/eurotsunamirisk/etris_data_and_data_products/blob/main/etris_data_products/Fragility_Curves/Non%20engineered%20masonry%2C%20un%20reinforced%20with%20clay%20brick%2C%202%20storey_Sulawesi%20Tsunami%202018_M2.csv,https://doi.org/10.1007/s00024-019-02254-9,6,
Yes,Masonry; unknown; 1 storey,M99/HEX:1+HFAPP:0.33,Sulawesi Tsunami (Palu) 2018,-0.876046458,119.8764018,4 Tier/Peiris 2006,"using ""probit"" link function",Model 2; DL1; DL2; DL3,https://github.com/eurotsunamirisk/etris_data_and_data_products/blob/main/etris_data_products/Fragility_Curves/Masonry%2C%20unknown%2C%201%20storey_Sulawesi%20Tsunami%202018_M2.csv,https://doi.org/10.1007/s00024-019-02254-9,7,
Yes,Non engineered light timber,W+WLI/HEX:1+HFAPP:0.20,Sulawesi Tsunami (Palu) 2018,-0.894910841,119.8563315,4 Tier/Peiris 2006,"using ""cloglog"" link function",Model 3; DL1; DL2; DL3,https://github.com/eurotsunamirisk/etris_data_and_data_products/blob/main/etris_data_products/Fragility_Curves/Non%20engineered%20light%20timber_Sulawesi%20Tsunami%202018_M3.csv,https://doi.org/10.1007/s00024-019-02254-9,4,
Yes,Non engineered masonry; un reinforced with clay brick; 1 storey,MUR+CLBRS/HEX:1+HFAPP:0.30,Sulawesi Tsunami (Palu) 2018,-0.894359958,119.8659338,4 Tier/Peiris 2006,"using ""cloglog"" link function",Model 3; DL0; DL1; DL2+DL3,https://github.com/eurotsunamirisk/etris_data_and_data_products/blob/main/etris_data_products/Fragility_Curves/Non%20engineered%20masonry%2C%20un%20reinforced%20with%20clay%20brick%2C%201%20storey_Sulawesi%20Tsunami%202018_M3.csv,https://doi.org/10.1007/s00024-019-02254-9,5,
Yes,Non engineered masonry; un reinforced with clay brick; 2 storey,MUR+CLBRS/HEX:2+HFAPP:0.30,Sulawesi Tsunami (Palu) 2018,-0.891841636,119.8750638,4 Tier/Peiris 2006,"using ""cloglog"" link function",Model 3; DL0; DL1; DL2+DL3,https://github.com/eurotsunamirisk/etris_data_and_data_products/blob/main/etris_data_products/Fragility_Curves/Non%20engineered%20masonry%2C%20un%20reinforced%20with%20clay%20brick%2C%202%20storey_Sulawesi%20Tsunami%202018_M3.csv,https://doi.org/10.1007/s00024-019-02254-9,6,
Yes,Masonry; unknown; 1 storey,M99/HEX:1+HFAPP:0.33,Sulawesi Tsunami (Palu) 2018,-0.877046458,119.8764018,4 Tier/Peiris 2006,"using ""cloglog"" link function",Model 3; DL1; DL2; DL3,https://github.com/eurotsunamirisk/etris_data_and_data_products/blob/main/etris_data_products/Fragility_Curves/Masonry%2C%20unknown%2C%201%20storey_Sulawesi%20Tsunami%202018_M3.csv,https://doi.org/10.1007/s11069-012-0487-8,7,
Yes,Reinfornced Concrete,CR,Tohoku Earthquake and Tsunami 2011,38.21518395,140.9755873,De Risi et al. 2017,"using ""logit"" link function",Model 1,https://github.com/eurotsunamirisk/etris_data_and_data_products/blob/main/etris_data_products/Fragility_Curves/Japan%202011%20RC_M1.csv,https://doi.org/10.1007/s11069-012-0487-8,8,
Yes,Reinfornced Concrete,CR,Tohoku Earthquake and Tsunami 2011,38.20518395,140.9655873,De Risi et al. 2017,"using ""probit"" link function",Model 2,https://github.com/eurotsunamirisk/etris_data_and_data_products/blob/main/etris_data_products/Fragility_Curves/Japan%202011%20RC_M2.csv,https://doi.org/10.1007/s11069-012-0487-8,8,
Yes,Reinfornced Concrete,CR,Tohoku Earthquake and Tsunami 2011,38.19518395,140.9555873,De Risi et al. 2017,"using ""cloglog"" link function",Model 3,https://github.com/eurotsunamirisk/etris_data_and_data_products/blob/main/etris_data_products/Fragility_Curves/Japan%202011%20RC_M3.csv,https://doi.org/10.1007/s11069-012-0487-8,8,
Yes,Reinfornced Concrete; 1 storey,CR/HEX:1,Tohoku Earthquake and Tsunami 2011,38.42072414,141.2908848,De Risi et al. 2017,"using ""logit"" link function",Model 1,https://github.com/eurotsunamirisk/etris_data_and_data_products/blob/main/etris_data_products/Fragility_Curves/Japan%202011%20RC%2C%201%20storey_M1.csv,https://doi.org/10.1007/s11069-012-0487-8,9,
Yes,Reinfornced Concrete; 1 storey,CR/HEX:1,Tohoku Earthquake and Tsunami 2011,38.41072414,141.2808848,De Risi et al. 2017,"using ""probit"" link function",Model 2,https://github.com/eurotsunamirisk/etris_data_and_data_products/blob/main/etris_data_products/Fragility_Curves/Japan%202011%20RC%2C%201%20storey_M2.csv,https://doi.org/10.1007/s11069-012-0487-8,9,
Yes,Reinfornced Concrete; 1 storey,CR/HEX:1,Tohoku Earthquake and Tsunami 2011,38.40941,141.26204,De Risi et al. 2017,"using ""cloglog"" link function",Model 3,https://github.com/eurotsunamirisk/etris_data_and_data_products/blob/main/etris_data_products/Fragility_Curves/Japan%202011%20RC%2C%201%20storey_M3.csv,https://doi.org/10.1007/s11069-012-0487-8,9,
Yes,Reinfornced Concrete; 2 storeys,CR/HEX:2,Tohoku Earthquake and Tsunami 2011,38.36536517,141.1578546,De Risi et al. 2017,"using ""logit"" link function",Model 1,https://github.com/eurotsunamirisk/etris_data_and_data_products/blob/main/etris_data_products/Fragility_Curves/Japan%202011%20RC%2C%202%20storey_M1.csv,https://doi.org/10.1007/s11069-012-0487-8,10,
Yes,Reinfornced Concrete; 2 storeys,CR/HEX:2,Tohoku Earthquake and Tsunami 2011,38.37166,141.16448,De Risi et al. 2017,"using ""probit"" link function",Model 2,https://github.com/eurotsunamirisk/etris_data_and_data_products/blob/main/etris_data_products/Fragility_Curves/Japan%202011%20RC%2C%202%20storey_M2.csv,https://doi.org/10.1007/s11069-012-0487-8,10,
Yes,Reinfornced Concrete; 2 storeys,CR/HEX:2,Tohoku Earthquake and Tsunami 2011,38.36523,141.142781,De Risi et al. 2017,"using ""cloglog"" link function",Model 3,https://github.com/eurotsunamirisk/etris_data_and_data_products/blob/main/etris_data_products/Fragility_Curves/Japan%202011%20RC%2C%202%20storey_M3.csv,https://doi.org/10.1007/s11069-012-0487-8,10,
Yes,Reinfornced Concrete; 3 storeys or more,CR/HAPP:3,Tohoku Earthquake and Tsunami 2011,38.25406701,141.0077711,De Risi et al. 2017,"using ""logit"" link function",Model 1,https://github.com/eurotsunamirisk/etris_data_and_data_products/blob/main/etris_data_products/Fragility_Curves/Japan%202011%20RC%2C%203%20storey%20and%20more_M1.csv,https://doi.org/10.1007/s11069-012-0487-8,11,
Yes,Reinfornced Concrete; 3 storeys or more,CR/HAPP:3,Tohoku Earthquake and Tsunami 2011,38.24406701,140.9977711,De Risi et al. 2017,"using ""probit"" link function",Model 2,https://github.com/eurotsunamirisk/etris_data_and_data_products/blob/main/etris_data_products/Fragility_Curves/Japan%202011%20RC%2C%203%20storey%20and%20more_M2.csv,https://doi.org/10.1007/s11069-012-0487-8,11,
Yes,Reinfornced Concrete; 3 storeys or more,CR/HAPP:3,Tohoku Earthquake and Tsunami 2011,38.23406701,140.9877711,De Risi et al. 2017,"using ""cloglog"" link function",Model 3,https://github.com/eurotsunamirisk/etris_data_and_data_products/blob/main/etris_data_products/Fragility_Curves/Japan%202011%20RC%2C%203%20storey%20and%20more_M3.csv,https://doi.org/10.1007/s11069-012-0487-8,11,
Yes,Steel,S,Tohoku Earthquake and Tsunami 2011,38.18808139,140.9554003,De Risi et al. 2017,"using ""logit"" link function",Model 1,https://github.com/eurotsunamirisk/etris_data_and_data_products/blob/main/etris_data_products/Fragility_Curves/Japan%202011%20Steel_M1.csv,https://doi.org/10.1007/s11069-012-0487-8,12,
Yes,Steel,S,Tohoku Earthquake and Tsunami 2011,38.17808139,140.9454003,De Risi et al. 2017,"using ""probit"" link function",Model 2,https://github.com/eurotsunamirisk/etris_data_and_data_products/blob/main/etris_data_products/Fragility_Curves/Japan%202011%20Steel_M2.csv,https://doi.org/10.1007/s11069-012-0487-8,12,
Yes,Steel,S,Tohoku Earthquake and Tsunami 2011,38.16808139,140.9354003,De Risi et al. 2017,"using ""cloglog"" link function",Model 3,https://github.com/eurotsunamirisk/etris_data_and_data_products/blob/main/etris_data_products/Fragility_Curves/Japan%202011%20Steel_M3.csv,https://doi.org/10.1007/s11069-012-0487-8,12,
Yes,Wood,W,Tohoku Earthquake and Tsunami 2011,38.11739818,140.9293244,De Risi et al. 2017,"using ""logit"" link function",Model 1,https://github.com/eurotsunamirisk/etris_data_and_data_products/blob/main/etris_data_products/Fragility_Curves/Japan%202011%20Wood_M1.csv,https://doi.org/10.1007/s11069-012-0487-8,13,
Yes,Wood,W,Tohoku Earthquake and Tsunami 2011,38.10739818,140.9193244,De Risi et al. 2017,"using ""probit"" link function",Model 2,https://github.com/eurotsunamirisk/etris_data_and_data_products/blob/main/etris_data_products/Fragility_Curves/Japan%202011%20Wood_M2.csv,https://doi.org/10.1007/s11069-012-0487-8,13,
Yes,Wood,W,Tohoku Earthquake and Tsunami 2011,38.09739818,140.9093244,De Risi et al. 2017,"using ""cloglog"" link function",Model 3,https://github.com/eurotsunamirisk/etris_data_and_data_products/blob/main/etris_data_products/Fragility_Curves/Japan%202011%20Wood_M3.csv,https://doi.org/10.1007/s11069-012-0487-8,13,
Yes,Wood; 1 storey,W/HEX:1,Tohoku Earthquake and Tsunami 2011,38.01549582,140.9070975,De Risi et al. 2017,"using ""logit"" link function",Model 1,https://github.com/eurotsunamirisk/etris_data_and_data_products/blob/main/etris_data_products/Fragility_Curves/Japan%202011_Wood%2C%201%20storey_M1.csv,https://doi.org/10.1007/s11069-012-0487-8,14,
Yes,Wood; 1 storey,W/HEX:1,Tohoku Earthquake and Tsunami 2011,38.00549582,140.8970975,De Risi et al. 2017,"using ""probit"" link function",Model 2,https://github.com/eurotsunamirisk/etris_data_and_data_products/blob/main/etris_data_products/Fragility_Curves/Japan%202011_Wood%2C%201%20storey_M2.csv,https://doi.org/10.1007/s11069-012-0487-8,14,
Yes,Wood; 1 storey,W/HEX:1,Tohoku Earthquake and Tsunami 2011,37.99549582,140.8870975,De Risi et al. 2017,"using ""cloglog"" link function",Model 3,https://github.com/eurotsunamirisk/etris_data_and_data_products/blob/main/etris_data_products/Fragility_Curves/Japan%202011_Wood%2C%201%20storey_M3.csv,https://doi.org/10.1007/s11069-012-0487-8,14,
Yes,Wood; 2 storeys,W/HEX:2,Tohoku Earthquake and Tsunami 2011,37.92633498,140.9123349,De Risi et al. 2017,"using ""logit"" link function",Model 1,https://github.com/eurotsunamirisk/etris_data_and_data_products/blob/main/etris_data_products/Fragility_Curves/Japan%202011_Wood%2C%202%20storey_M1.csv,https://doi.org/10.1007/s11069-012-0487-8,15,
Yes,Wood; 2 storeys,W/HEX:2,Tohoku Earthquake and Tsunami 2011,37.91633498,140.9023349,De Risi et al. 2017,"using ""probit"" link function",Model 2,https://github.com/eurotsunamirisk/etris_data_and_data_products/blob/main/etris_data_products/Fragility_Curves/Japan%202011_Wood%2C%202%20storey_M2.csv,https://doi.org/10.1007/s11069-012-0487-8,15,
Yes,Wood; 2 storeys,W/HEX:2,Tohoku Earthquake and Tsunami 2011,37.90633498,140.8923349,De Risi et al. 2017,"using ""cloglog"" link function",Model 3,https://github.com/eurotsunamirisk/etris_data_and_data_products/blob/main/etris_data_products/Fragility_Curves/Japan%202011_Wood%2C%202%20storey_M3.csv,https://doi.org/10.1007/s11069-012-0487-8,15,
Yes,Wood; 3 storeys or more,W/HAPP:3,Tohoku Earthquake and Tsunami 2011,37.83733847,140.9536028,De Risi et al. 2017,"using ""logit"" link function",Model 1,https://github.com/eurotsunamirisk/etris_data_and_data_products/blob/main/etris_data_products/Fragility_Curves/Japan%202011_Wood%2C%203%20storey%20and%20more_M1.csv,https://doi.org/10.1007/s11069-012-0487-8,16,
Yes,Wood; 3 storeys or more,W/HAPP:3,Tohoku Earthquake and Tsunami 2011,37.82733847,140.9436028,De Risi et al. 2017,"using ""probit"" link function",Model 2,https://github.com/eurotsunamirisk/etris_data_and_data_products/blob/main/etris_data_products/Fragility_Curves/Japan%202011_Wood%2C%203%20storey%20and%20more_M2.csv,https://doi.org/10.1007/s11069-012-0487-8,16,
Yes,Wood; 3 storeys or more,W/HAPP:3,Tohoku Earthquake and Tsunami 2011,37.81733847,140.9336028,De Risi et al. 2017,"using ""cloglog"" link function",Model 3,https://github.com/eurotsunamirisk/etris_data_and_data_products/blob/main/etris_data_products/Fragility_Curves/Japan%202011_Wood%2C%203%20storey%20and%20more_M3.csv,https://doi.org/10.1007/s11069-012-0487-8,16,
Yes,Masonary and Wood,MATO,Chilean Tsunami 2010,-36.546693,-72.938176,Destroyed/Survived,"using ""logit"" link function",Model 1,https://github.com/eurotsunamirisk/etris_data_and_data_products/blob/main/etris_data_products/Fragility_Curves/Chilean Tsunami 2010_M1.csv,https://doi.org/10.5194/nhess-12-2689-2012,18,
Yes,Masonary and Wood,MATO,Chilean Tsunami 2010,-36.546793,-72.938176,Destroyed/Survived,"using ""probit"" link function",Model 2,https://github.com/eurotsunamirisk/etris_data_and_data_products/blob/main/etris_data_products/Fragility_Curves/Chilean Tsunami 2010_M2.csv,https://doi.org/10.5194/nhess-12-2689-2012,18,
Yes,Masonary and Wood,MATO,Chilean Tsunami 2010,-36.546893,-72.938176,Destroyed/Survived,"using ""cloglog"" link function",Model 3,https://github.com/eurotsunamirisk/etris_data_and_data_products/blob/main/etris_data_products/Fragility_Curves/Chilean Tsunami 2010_M3.csv,https://doi.org/10.5194/nhess-12-2689-2012,18,
Yes,"Predominantly unreinforced single-storey masonry, Colombo",MUR/HEX:1,2004 Indean Ocean Tsunami,6.927078,79.861242,Destroyed/Survived,"using ""logit"" link function",Model 1,https://github.com/eurotsunamirisk/etris_data_and_data_products/blob/main/etris_data_products/Fragility_Curves/SriLanka2004_Colombo_M1.csv,https://doi.org/10.1080/10286600802435918,19,
Yes,"Predominantly unreinforced single-storey masonry, Colombo",MUR/HEX:1,2004 Indean Ocean Tsunami,6.931078,79.861242,Destroyed/Survived,"using ""probit"" link function",Model 2,https://github.com/eurotsunamirisk/etris_data_and_data_products/blob/main/etris_data_products/Fragility_Curves/SriLanka2004_Colombo_M2.csv,https://doi.org/10.1080/10286600802435918,19,
Yes,"Predominantly unreinforced single-storey masonry, Colombo",MUR/HEX:1,2004 Indean Ocean Tsunami,6.935078,79.861242,Destroyed/Survived,"using ""cloglog"" link function",Model 3,https://github.com/eurotsunamirisk/etris_data_and_data_products/blob/main/etris_data_products/Fragility_Curves/SriLanka2004_Colombo_M3.csv,https://doi.org/10.1080/10286600802435918,19,
Yes,"Predominantly unreinforced single-storey masonry, Thimbirigasyaya ",MUR/HEX:1,2004 Indean Ocean Tsunami,6.911308,79.877478,Destroyed/Survived,"using ""logit"" link function",Model 1,https://github.com/eurotsunamirisk/etris_data_and_data_products/blob/main/etris_data_products/Fragility_Curves/SriLanka2004_Thimbirigasyaya_M1.csv,https://doi.org/10.1080/10286600802435918,19,
Yes,"Predominantly unreinforced single-storey masonry, Thimbirigasyaya ",MUR/HEX:1,2004 Indean Ocean Tsunami,6.915308,79.877478,Destroyed/Survived,"using ""probit"" link function",Model 2,https://github.com/eurotsunamirisk/etris_data_and_data_products/blob/main/etris_data_products/Fragility_Curves/SriLanka2004_Thimbirigasyaya_M2.csv,https://doi.org/10.1080/10286600802435918,19,
Yes,"Predominantly unreinforced single-storey masonry, Thimbirigasyaya ",MUR/HEX:1,2004 Indean Ocean Tsunami,6.919308,79.877478,Destroyed/Survived,"using ""cloglog"" link function",Model 3,https://github.com/eurotsunamirisk/etris_data_and_data_products/blob/main/etris_data_products/Fragility_Curves/SriLanka2004_Thimbirigasyaya_M3.csv,https://doi.org/10.1080/10286600802435918,19,
Yes,"Predominantly unreinforced single-storey masonry, Dehiwala ",MUR/HEX:1,2004 Indean Ocean Tsunami,6.830119,79.880083,Destroyed/Survived,"using ""logit"" link function",Model 1,https://github.com/eurotsunamirisk/etris_data_and_data_products/blob/main/etris_data_products/Fragility_Curves/SriLanka2004_Dehiwala_M1.csv,https://doi.org/10.1080/10286600802435918,19,
Yes,"Predominantly unreinforced single-storey masonry, Dehiwala ",MUR/HEX:1,2004 Indean Ocean Tsunami,6.832119,79.880083,Destroyed/Survived,"using ""probit"" link function",Model 2,https://github.com/eurotsunamirisk/etris_data_and_data_products/blob/main/etris_data_products/Fragility_Curves/SriLanka2004_Dehiwala_M2.csv,https://doi.org/10.1080/10286600802435918,19,
Yes,"Predominantly unreinforced single-storey masonry, Dehiwala ",MUR/HEX:1,2004 Indean Ocean Tsunami,6.834119,79.880083,Destroyed/Survived,"using ""cloglog"" link function",Model 3,https://github.com/eurotsunamirisk/etris_data_and_data_products/blob/main/etris_data_products/Fragility_Curves/SriLanka2004_Dehiwala_M3.csv,https://doi.org/10.1080/10286600802435918,19,
Yes,"Predominantly unreinforced single-storey masonry, Rathmalana ",MUR/HEX:1,2004 Indean Ocean Tsunami,6.819544,79.880083,Destroyed/Survived,"using ""logit"" link function",Model 1,https://github.com/eurotsunamirisk/etris_data_and_data_products/blob/main/etris_data_products/Fragility_Curves/SriLanka2004_Rathmalana_M1.csv,https://doi.org/10.1080/10286600802435918,19,
Yes,"Predominantly unreinforced single-storey masonry, Rathmalana ",MUR/HEX:1,2004 Indean Ocean Tsunami,6.821544,79.880083,Destroyed/Survived,"using ""probit"" link function",Model 2,https://github.com/eurotsunamirisk/etris_data_and_data_products/blob/main/etris_data_products/Fragility_Curves/SriLanka2004_Rathmalana_M2.csv,https://doi.org/10.1080/10286600802435918,19,
Yes,"Predominantly unreinforced single-storey masonry, Rathmalana ",MUR/HEX:1,2004 Indean Ocean Tsunami,6.823544,79.880083,Destroyed/Survived,"using ""cloglog"" link function",Model 3,https://github.com/eurotsunamirisk/etris_data_and_data_products/blob/main/etris_data_products/Fragility_Curves/SriLanka2004_Rathmalana_M3.csv,https://doi.org/10.1080/10286600802435918,19,
Yes,"Predominantly unreinforced single-storey masonry, Moratuwa ",MUR/HEX:1,2004 Indean Ocean Tsunami,6.788069,79.891281,Destroyed/Survived,"using ""logit"" link function",Model 1,https://github.com/eurotsunamirisk/etris_data_and_data_products/blob/main/etris_data_products/Fragility_Curves/SriLanka2004_Moratuwa_M1.csv,https://doi.org/10.1080/10286600802435918,19,
Yes,"Predominantly unreinforced single-storey masonry, Moratuwa ",MUR/HEX:1,2004 Indean Ocean Tsunami,6.792069,79.891281,Destroyed/Survived,"using ""probit"" link function",Model 2,https://github.com/eurotsunamirisk/etris_data_and_data_products/blob/main/etris_data_products/Fragility_Curves/SriLanka2004_Moratuwa_M2.csv,https://doi.org/10.1080/10286600802435918,19,
Yes,"Predominantly unreinforced single-storey masonry, Moratuwa ",MUR/HEX:1,2004 Indean Ocean Tsunami,6.796069,79.891281,Destroyed/Survived,"using ""cloglog"" link function",Model 3,https://github.com/eurotsunamirisk/etris_data_and_data_products/blob/main/etris_data_products/Fragility_Curves/SriLanka2004_Moratuwa_M3.csv,https://doi.org/10.1080/10286600802435918,19,
Yes,"Predominantly unreinforced single-storey masonry, Bentota",MUR/HEX:1,2004 Indean Ocean Tsunami,6.418917,80.005978,Destroyed/Survived,"using ""logit"" link function",Model 1,https://github.com/eurotsunamirisk/etris_data_and_data_products/blob/main/etris_data_products/Fragility_Curves/SriLanka2004_Bentota_M1.csv,https://doi.org/10.1080/10286600802435918,19,
Yes,"Predominantly unreinforced single-storey masonry, Bentota",MUR/HEX:1,2004 Indean Ocean Tsunami,6.422917,80.005978,Destroyed/Survived,"using ""probit"" link function",Model 2,https://github.com/eurotsunamirisk/etris_data_and_data_products/blob/main/etris_data_products/Fragility_Curves/SriLanka2004_Bentota_M2.csv,https://doi.org/10.1080/10286600802435918,19,
Yes,"Predominantly unreinforced single-storey masonry, Bentota",MUR/HEX:1,2004 Indean Ocean Tsunami,6.426917,80.005978,Destroyed/Survived,"using ""cloglog"" link function",Model 3,https://github.com/eurotsunamirisk/etris_data_and_data_products/blob/main/etris_data_products/Fragility_Curves/SriLanka2004_Bentota_M3.csv,https://doi.org/10.1080/10286600802435918,19,
Yes,"Predominantly unreinforced single-storey masonry, Balapitiya",MUR/HEX:1,2004 Indean Ocean Tsunami,6.278356,80.040306,Destroyed/Survived,"using ""logit"" link function",Model 1,https://github.com/eurotsunamirisk/etris_data_and_data_products/blob/main/etris_data_products/Fragility_Curves/SriLanka2004_Balapitiya_M1.csv,https://doi.org/10.1080/10286600802435918,19,
Yes,"Predominantly unreinforced single-storey masonry, Balapitiya",MUR/HEX:1,2004 Indean Ocean Tsunami,6.282356,80.040306,Destroyed/Survived,"using ""probit"" link function",Model 2,https://github.com/eurotsunamirisk/etris_data_and_data_products/blob/main/etris_data_products/Fragility_Curves/SriLanka2004_Balapitiya_M2.csv,https://doi.org/10.1080/10286600802435918,19,
Yes,"Predominantly unreinforced single-storey masonry, Balapitiya",MUR/HEX:1,2004 Indean Ocean Tsunami,6.286356,80.040306,Destroyed/Survived,"using ""cloglog"" link function",Model 3,https://github.com/eurotsunamirisk/etris_data_and_data_products/blob/main/etris_data_products/Fragility_Curves/SriLanka2004_Balapitiya_M3.csv,https://doi.org/10.1080/10286600802435918,19,
Yes,"Predominantly unreinforced single-storey masonry, Ambalangoda",MUR/HEX:1,2004 Indean Ocean Tsunami,6.244153,80.059081,Destroyed/Survived,"using ""logit"" link function",Model 1,https://github.com/eurotsunamirisk/etris_data_and_data_products/blob/main/etris_data_products/Fragility_Curves/SriLanka2004_Ambalangoda_M1.csv,https://doi.org/10.1080/10286600802435918,19,
Yes,"Predominantly unreinforced single-storey masonry, Ambalangoda",MUR/HEX:1,2004 Indean Ocean Tsunami,6.248153,80.059081,Destroyed/Survived,"using ""probit"" link function",Model 2,https://github.com/eurotsunamirisk/etris_data_and_data_products/blob/main/etris_data_products/Fragility_Curves/SriLanka2004_Ambalangoda_M2.csv,https://doi.org/10.1080/10286600802435918,19,
Yes,"Predominantly unreinforced single-storey masonry, Ambalangoda",MUR/HEX:1,2004 Indean Ocean Tsunami,6.252153,80.059081,Destroyed/Survived,"using ""cloglog"" link function",Model 3,https://github.com/eurotsunamirisk/etris_data_and_data_products/blob/main/etris_data_products/Fragility_Curves/SriLanka2004_Ambalangoda_M3.csv,https://doi.org/10.1080/10286600802435918,19,
Yes,"Predominantly unreinforced single-storey masonry,  Hikkaduwa",MUR/HEX:1,2004 Indean Ocean Tsunami,6.139469,80.106286,Destroyed/Survived,"using ""logit"" link function",Model 1,https://github.com/eurotsunamirisk/etris_data_and_data_products/blob/main/etris_data_products/Fragility_Curves/SriLanka2004_Hikkaduwa_M1.csv,https://doi.org/10.1080/10286600802435918,19,
Yes,"Predominantly unreinforced single-storey masonry,  Hikkaduwa",MUR/HEX:1,2004 Indean Ocean Tsunami,6.143469,80.106286,Destroyed/Survived,"using ""probit"" link function",Model 2,https://github.com/eurotsunamirisk/etris_data_and_data_products/blob/main/etris_data_products/Fragility_Curves/SriLanka2004_Hikkaduwa_M2.csv,https://doi.org/10.1080/10286600802435918,19,
Yes,"Predominantly unreinforced single-storey masonry,  Hikkaduwa",MUR/HEX:1,2004 Indean Ocean Tsunami,6.146469,80.106286,Destroyed/Survived,"using ""cloglog"" link function",Model 3,https://github.com/eurotsunamirisk/etris_data_and_data_products/blob/main/etris_data_products/Fragility_Curves/SriLanka2004_Hikkaduwa_M3.csv,https://doi.org/10.1080/10286600802435918,19,
Yes,"Predominantly unreinforced single-storey masonry, Galle Four Gravets ",MUR/HEX:1,2004 Indean Ocean Tsunami,6.045664,80.224897,Destroyed/Survived,"using ""logit"" link function",Model 1,https://github.com/eurotsunamirisk/etris_data_and_data_products/blob/main/etris_data_products/Fragility_Curves/SriLanka2004_Galle4Gravets_M1.csv,https://doi.org/10.1080/10286600802435918,19,
Yes,"Predominantly unreinforced single-storey masonry, Galle Four Gravets ",MUR/HEX:1,2004 Indean Ocean Tsunami,6.049664,80.224897,Destroyed/Survived,"using ""probit"" link function",Model 2,https://github.com/eurotsunamirisk/etris_data_and_data_products/blob/main/etris_data_products/Fragility_Curves/SriLanka2004_Galle4Gravets_M2.csv,https://doi.org/10.1080/10286600802435918,19,
Yes,"Predominantly unreinforced single-storey masonry, Galle Four Gravets ",MUR/HEX:1,2004 Indean Ocean Tsunami,6.053664,80.224897,Destroyed/Survived,"using ""cloglog"" link function",Model 3,https://github.com/eurotsunamirisk/etris_data_and_data_products/blob/main/etris_data_products/Fragility_Curves/SriLanka2004_Galle4Gravets_M3.csv,https://doi.org/10.1080/10286600802435918,19,
Yes,"Predominantly unreinforced single-storey masonry, Habaraduwa ",MUR/HEX:1,2004 Indean Ocean Tsunami,5.998358,80.307819,Destroyed/Survived,"using ""logit"" link function",Model 1,https://github.com/eurotsunamirisk/etris_data_and_data_products/blob/main/etris_data_products/Fragility_Curves/SriLanka2004_Habaraduwa_M1.csv,https://doi.org/10.1080/10286600802435918,19,
Yes,"Predominantly unreinforced single-storey masonry, Habaraduwa ",MUR/HEX:1,2004 Indean Ocean Tsunami,6.002358,80.307819,Destroyed/Survived,"using ""probit"" link function",Model 2,https://github.com/eurotsunamirisk/etris_data_and_data_products/blob/main/etris_data_products/Fragility_Curves/SriLanka2004_Habaraduwa_M2.csv,https://doi.org/10.1080/10286600802435918,19,
Yes,"Predominantly unreinforced single-storey masonry, Habaraduwa ",MUR/HEX:1,2004 Indean Ocean Tsunami,6.006358,80.307819,Destroyed/Survived,"using ""cloglog"" link function",Model 3,https://github.com/eurotsunamirisk/etris_data_and_data_products/blob/main/etris_data_products/Fragility_Curves/SriLanka2004_Habaraduwa_M3.csv,https://doi.org/10.1080/10286600802435918,19,
Yes,"Predominantly unreinforced single-storey masonry, Negomb",MUR/HEX:1,2004 Indean Ocean Tsunami,7.200797,79.873675,Destroyed/Survived,"using ""logit"" link function",Model 1,https://github.com/eurotsunamirisk/etris_data_and_data_products/blob/main/etris_data_products/Fragility_Curves/SriLanka2004_Negombo_M1.csv,https://doi.org/10.1080/10286600802435918,19,
Yes,"Predominantly unreinforced single-storey masonry, Negomb",MUR/HEX:1,2004 Indean Ocean Tsunami,7.204797,79.873675,Destroyed/Survived,"using ""probit"" link function",Model 2,https://github.com/eurotsunamirisk/etris_data_and_data_products/blob/main/etris_data_products/Fragility_Curves/SriLanka2004_Negombo_M2.csv,https://doi.org/10.1080/10286600802435918,19,
Yes,"Predominantly unreinforced single-storey masonry, Negomb",MUR/HEX:1,2004 Indean Ocean Tsunami,7.208797,79.873675,Destroyed/Survived,"using ""cloglog"" link function",Model 3,https://github.com/eurotsunamirisk/etris_data_and_data_products/blob/main/etris_data_products/Fragility_Curves/SriLanka2004_Negombo_M3.csv,https://doi.org/10.1080/10286600802435918,19,
Yes,"Predominantly unreinforced single-storey masonry, Wattala ",MUR/HEX:1,2004 Indean Ocean Tsunami,6.990667,79.893172,Destroyed/Survived,"using ""logit"" link function",Model 1,https://github.com/eurotsunamirisk/etris_data_and_data_products/blob/main/etris_data_products/Fragility_Curves/SriLanka2004_Wattala_M1.csv,https://doi.org/10.1080/10286600802435918,19,
Yes,"Predominantly unreinforced single-storey masonry, Wattala ",MUR/HEX:1,2004 Indean Ocean Tsunami,6.994667,79.893172,Destroyed/Survived,"using ""probit"" link function",Model 2,https://github.com/eurotsunamirisk/etris_data_and_data_products/blob/main/etris_data_products/Fragility_Curves/SriLanka2004_Wattala_M2.csv,https://doi.org/10.1080/10286600802435918,19,
Yes,"Predominantly unreinforced single-storey masonry, Wattala ",MUR/HEX:1,2004 Indean Ocean Tsunami,6.998667,79.893172,Destroyed/Survived,"using ""cloglog"" link function",Model 3,https://github.com/eurotsunamirisk/etris_data_and_data_products/blob/main/etris_data_products/Fragility_Curves/SriLanka2004_Wattala_M3.csv,https://doi.org/10.1080/10286600802435918,19,
Yes,"Predominantly unreinforced single-storey masonry, Panadura",MUR/HEX:1,2004 Indean Ocean Tsunami,6.710636,79.907425,Destroyed/Survived,"using ""logit"" link function",Model 1,https://github.com/eurotsunamirisk/etris_data_and_data_products/blob/main/etris_data_products/Fragility_Curves/SriLanka2004_Panadura_M1.csv,https://doi.org/10.1080/10286600802435918,19,
Yes,"Predominantly unreinforced single-storey masonry, Panadura",MUR/HEX:1,2004 Indean Ocean Tsunami,6.714636,79.907425,Destroyed/Survived,"using ""probit"" link function",Model 2,https://github.com/eurotsunamirisk/etris_data_and_data_products/blob/main/etris_data_products/Fragility_Curves/SriLanka2004_Panadura_M2.csv,https://doi.org/10.1080/10286600802435918,19,
Yes,"Predominantly unreinforced single-storey masonry, Panadura",MUR/HEX:1,2004 Indean Ocean Tsunami,6.718636,79.907425,Destroyed/Survived,"using ""cloglog"" link function",Model 3,https://github.com/eurotsunamirisk/etris_data_and_data_products/blob/main/etris_data_products/Fragility_Curves/SriLanka2004_Panadura_M3.csv,https://doi.org/10.1080/10286600802435918,19,
Yes,"Predominantly unreinforced single-storey masonry, Kalutara ",MUR/HEX:1,2004 Indean Ocean Tsunami,6.585394,79.960739,Destroyed/Survived,"using ""logit"" link function",Model 1,https://github.com/eurotsunamirisk/etris_data_and_data_products/blob/main/etris_data_products/Fragility_Curves/SriLanka2004_Kalutara_M1.csv,https://doi.org/10.1080/10286600802435918,19,
Yes,"Predominantly unreinforced single-storey masonry, Kalutara ",MUR/HEX:1,2004 Indean Ocean Tsunami,6.589394,79.960739,Destroyed/Survived,"using ""probit"" link function",Model 2,https://github.com/eurotsunamirisk/etris_data_and_data_products/blob/main/etris_data_products/Fragility_Curves/SriLanka2004_Kalutara_M2.csv,https://doi.org/10.1080/10286600802435918,19,
Yes,"Predominantly unreinforced single-storey masonry, Kalutara ",MUR/HEX:1,2004 Indean Ocean Tsunami,6.593394,79.960739,Destroyed/Survived,"using ""cloglog"" link function",Model 3,https://github.com/eurotsunamirisk/etris_data_and_data_products/blob/main/etris_data_products/Fragility_Curves/SriLanka2004_Kalutara_M3.csv,https://doi.org/10.1080/10286600802435918,19,
Yes,"Predominantly unreinforced single-storey masonry,  Beruwala ",MUR/HEX:1,2004 Indean Ocean Tsunami,6.473839,79.992,Destroyed/Survived,"using ""logit"" link function",Model 1,https://github.com/eurotsunamirisk/etris_data_and_data_products/blob/main/etris_data_products/Fragility_Curves/SriLanka2004_Beruwala_M1.csv,https://doi.org/10.1080/10286600802435918,19,
Yes,"Predominantly unreinforced single-storey masonry,  Beruwala ",MUR/HEX:1,2004 Indean Ocean Tsunami,6.476839,79.992,Destroyed/Survived,"using ""probit"" link function",Model 2,https://github.com/eurotsunamirisk/etris_data_and_data_products/blob/main/etris_data_products/Fragility_Curves/SriLanka2004_Beruwala_M2.csv,https://doi.org/10.1080/10286600802435918,19,
Yes,"Predominantly unreinforced single-storey masonry,  Beruwala ",MUR/HEX:1,2004 Indean Ocean Tsunami,6.480839,79.992,Destroyed/Survived,"using ""cloglog"" link function",Model 3,https://github.com/eurotsunamirisk/etris_data_and_data_products/blob/main/etris_data_products/Fragility_Curves/SriLanka2004_Beruwala_M3.csv,https://doi.org/10.1080/10286600802435918,19,
Yes,"Predominantly unreinforced single-storey masonry, Weligama",MUR/HEX:1,2004 Indean Ocean Tsunami,5.977378,80.428847,Destroyed/Survived,"using ""logit"" link function",Model 1,https://github.com/eurotsunamirisk/etris_data_and_data_products/blob/main/etris_data_products/Fragility_Curves/SriLanka2004_Weligama_M1.csv,https://doi.org/10.1080/10286600802435918,19,
Yes,"Predominantly unreinforced single-storey masonry, Weligama",MUR/HEX:1,2004 Indean Ocean Tsunami,5.981378,80.428847,Destroyed/Survived,"using ""probit"" link function",Model 2,https://github.com/eurotsunamirisk/etris_data_and_data_products/blob/main/etris_data_products/Fragility_Curves/SriLanka2004_Weligama_M2.csv,https://doi.org/10.1080/10286600802435918,19,
Yes,"Predominantly unreinforced single-storey masonry, Weligama",MUR/HEX:1,2004 Indean Ocean Tsunami,5.985378,80.428847,Destroyed/Survived,"using ""cloglog"" link function",Model 3,https://github.com/eurotsunamirisk/etris_data_and_data_products/blob/main/etris_data_products/Fragility_Curves/SriLanka2004_Weligama_M3.csv,https://doi.org/10.1080/10286600802435918,19,
Yes,"Predominantly unreinforced single-storey masonry, Matara Four Gravets ",MUR/HEX:1,2004 Indean Ocean Tsunami,5.952636,80.535083,Destroyed/Survived,"using ""logit"" link function",Model 1,https://github.com/eurotsunamirisk/etris_data_and_data_products/blob/main/etris_data_products/Fragility_Curves/SriLanka2004_Matara4Gravets_M1.csv,https://doi.org/10.1080/10286600802435918,19,
Yes,"Predominantly unreinforced single-storey masonry, Matara Four Gravets ",MUR/HEX:1,2004 Indean Ocean Tsunami,5.956636,80.535083,Destroyed/Survived,"using ""probit"" link function",Model 2,https://github.com/eurotsunamirisk/etris_data_and_data_products/blob/main/etris_data_products/Fragility_Curves/SriLanka2004_Matara4Gravets_M2.csv,https://doi.org/10.1080/10286600802435918,19,
Yes,"Predominantly unreinforced single-storey masonry, Matara Four Gravets ",MUR/HEX:1,2004 Indean Ocean Tsunami,5.960636,80.535083,Destroyed/Survived,"using ""cloglog"" link function",Model 3,https://github.com/eurotsunamirisk/etris_data_and_data_products/blob/main/etris_data_products/Fragility_Curves/SriLanka2004_Matara4Gravets_M3.csv,https://doi.org/10.1080/10286600802435918,19,
Yes,"Predominantly unreinforced single-storey masonry, Devinuwara",MUR/HEX:1,2004 Indean Ocean Tsunami,5.931256,80.591433,Destroyed/Survived,"using ""logit"" link function",Model 1,https://github.com/eurotsunamirisk/etris_data_and_data_products/blob/main/etris_data_products/Fragility_Curves/SriLanka2004_Devinuwara_M1.csv,https://doi.org/10.1080/10286600802435918,19,
Yes,"Predominantly unreinforced single-storey masonry, Devinuwara",MUR/HEX:1,2004 Indean Ocean Tsunami,5.935256,80.591433,Destroyed/Survived,"using ""probit"" link function",Model 2,https://github.com/eurotsunamirisk/etris_data_and_data_products/blob/main/etris_data_products/Fragility_Curves/SriLanka2004_Devinuwara_M2.csv,https://doi.org/10.1080/10286600802435918,19,
Yes,"Predominantly unreinforced single-storey masonry, Devinuwara",MUR/HEX:1,2004 Indean Ocean Tsunami,5.939256,80.591433,Destroyed/Survived,"using ""cloglog"" link function",Model 3,https://github.com/eurotsunamirisk/etris_data_and_data_products/blob/main/etris_data_products/Fragility_Curves/SriLanka2004_Devinuwara_M3.csv,https://doi.org/10.1080/10286600802435918,19,
Yes,"Predominantly unreinforced single-storey masonry,  Dickwella ",MUR/HEX:1,2004 Indean Ocean Tsunami,5.971675,80.695103,Destroyed/Survived,"using ""logit"" link function",Model 1,https://github.com/eurotsunamirisk/etris_data_and_data_products/blob/main/etris_data_products/Fragility_Curves/SriLanka2004_Dickwella_M1.csv,https://doi.org/10.1080/10286600802435918,19,
Yes,"Predominantly unreinforced single-storey masonry,  Dickwella ",MUR/HEX:1,2004 Indean Ocean Tsunami,5.975675,80.695103,Destroyed/Survived,"using ""probit"" link function",Model 2,https://github.com/eurotsunamirisk/etris_data_and_data_products/blob/main/etris_data_products/Fragility_Curves/SriLanka2004_Dickwella_M2.csv,https://doi.org/10.1080/10286600802435918,19,
Yes,"Predominantly unreinforced single-storey masonry,  Dickwella ",MUR/HEX:1,2004 Indean Ocean Tsunami,5.979675,80.695103,Destroyed/Survived,"using ""cloglog"" link function",Model 3,https://github.com/eurotsunamirisk/etris_data_and_data_products/blob/main/etris_data_products/Fragility_Curves/SriLanka2004_Dickwella_M3.csv,https://doi.org/10.1080/10286600802435918,19,
Yes,"Predominantly unreinforced single-storey masonry, All South West Coast",MUR/HEX:1,2004 Indean Ocean Tsunami,6.46351565,80.10060055,Destroyed/Survived,"using ""logit"" link function",Model 1,https://github.com/eurotsunamirisk/etris_data_and_data_products/blob/main/etris_data_products/Fragility_Curves/SriLanka2004_TotalArea_M1.csv,https://doi.org/10.1080/10286600802435918,19,
Yes,"Predominantly unreinforced single-storey masonry, All South West Coast",MUR/HEX:1,2004 Indean Ocean Tsunami,6.455789611,80.10458986,Destroyed/Survived,"using ""probit"" link function",Model 2,https://github.com/eurotsunamirisk/etris_data_and_data_products/blob/main/etris_data_products/Fragility_Curves/SriLanka2004_TotalArea_M2.csv,https://doi.org/10.1080/10286600802435918,19,
Yes,"Predominantly unreinforced single-storey masonry, All South West Coast",MUR/HEX:1,2004 Indean Ocean Tsunami,6.447868138,80.10864566,Destroyed/Survived,"using ""cloglog"" link function",Model 3,https://github.com/eurotsunamirisk/etris_data_and_data_products/blob/main/etris_data_products/Fragility_Curves/SriLanka2004_TotalArea_M3.csv,https://doi.org/10.1080/10286600802435918,19,
Yes,"Chemical industry, Building",,Tohoku Earthquake and Tsunami 2011,40.5297,141.54386,4 Tier/Chua et al. 2021,"using ""logit"" link function",Model 1,https://github.com/eurotsunamirisk/etris_data_and_data_products/blob/main/etris_data_products/Fragility_Curves/Japan_Chemical_B_M1.csv,https://doi.org/10.5194/nhess-21-1887-2021,20,
Yes,"Chemical industry, Building",,Tohoku Earthquake and Tsunami 2011,40.527575,141.545569,4 Tier/Chua et al. 2021,"using ""probit"" link function",Model 2,https://github.com/eurotsunamirisk/etris_data_and_data_products/blob/main/etris_data_products/Fragility_Curves/Japan_Chemical_B_M2.csv,https://doi.org/10.5194/nhess-21-1887-2021,20,
Yes,"Chemical industry, Building",,Tohoku Earthquake and Tsunami 2011,40.5263944,141.54416,4 Tier/Chua et al. 2021,"using ""cloglog"" link function",Model 3,https://github.com/eurotsunamirisk/etris_data_and_data_products/blob/main/etris_data_products/Fragility_Curves/Japan_Chemical_B_M3.csv,https://doi.org/10.5194/nhess-21-1887-2021,20,
Yes,"Chemical industry, Infrastructure",,Tohoku Earthquake and Tsunami 2011,40.526547,141.535827,4 Tier/Chua et al. 2021,"using ""logit"" link function",Model 1,https://github.com/eurotsunamirisk/etris_data_and_data_products/blob/main/etris_data_products/Fragility_Curves/Japan_Chemical_I_M1.csv,https://doi.org/10.5194/nhess-21-1887-2021,21,
Yes,"Chemical industry, Infrastructure",,Tohoku Earthquake and Tsunami 2011,40.5251,141.539261,4 Tier/Chua et al. 2021,"using ""probit"" link function",Model 2,https://github.com/eurotsunamirisk/etris_data_and_data_products/blob/main/etris_data_products/Fragility_Curves/Japan_Chemical_I_M2.csv,https://doi.org/10.5194/nhess-21-1887-2021,21,
Yes,"Chemical industry, Infrastructure",,Tohoku Earthquake and Tsunami 2011,40.5255,141.541552,4 Tier/Chua et al. 2021,"using ""cloglog"" link function",Model 3,https://github.com/eurotsunamirisk/etris_data_and_data_products/blob/main/etris_data_products/Fragility_Curves/Japan_Chemical_I_M3.csv,https://doi.org/10.5194/nhess-21-1887-2021,21,
Yes,"Construction Material Industry, Building",,Tohoku Earthquake and Tsunami 2011,38.417,141.31949,4 Tier/Chua et al. 2021,"using ""logit"" link function",Model 1,https://github.com/eurotsunamirisk/etris_data_and_data_products/blob/main/etris_data_products/Fragility_Curves/Japan_ConstructionMaterials_B_M1.csv,https://doi.org/10.5194/nhess-21-1887-2021,22,
Yes,"Construction Material Industry, Building",,Tohoku Earthquake and Tsunami 2011,38.418969,141.337822,4 Tier/Chua et al. 2021,"using ""probit"" link function",Model 2,https://github.com/eurotsunamirisk/etris_data_and_data_products/blob/main/etris_data_products/Fragility_Curves/Japan_ConstructionMaterials_B_M2.csv,https://doi.org/10.5194/nhess-21-1887-2021,22,
Yes,"Construction Material Industry, Building",,Tohoku Earthquake and Tsunami 2011,38.419833,141.338388,4 Tier/Chua et al. 2021,"using ""cloglog"" link function",Model 3,https://github.com/eurotsunamirisk/etris_data_and_data_products/blob/main/etris_data_products/Fragility_Curves/Japan_ConstructionMaterials_B_M3.csv,https://doi.org/10.5194/nhess-21-1887-2021,22,
Yes,"Construction Material Industry,  Infrastructure",,Tohoku Earthquake and Tsunami 2011,38.41955,141.29245,4 Tier/Chua et al. 2021,"using ""logit"" link function",Model 1,https://github.com/eurotsunamirisk/etris_data_and_data_products/blob/main/etris_data_products/Fragility_Curves/Japan_ConstructionMaterials_I_M1.csv,https://doi.org/10.5194/nhess-21-1887-2021,23,
Yes,"Construction Material Industry,  Infrastructure",,Tohoku Earthquake and Tsunami 2011,38.42342,141.27801,4 Tier/Chua et al. 2021,"using ""probit"" link function",Model 2,https://github.com/eurotsunamirisk/etris_data_and_data_products/blob/main/etris_data_products/Fragility_Curves/Japan_ConstructionMaterials_I_M2.csv,https://doi.org/10.5194/nhess-21-1887-2021,23,
Yes,"Construction Material Industry,  Infrastructure",,Tohoku Earthquake and Tsunami 2011,38.418122,141.260436,4 Tier/Chua et al. 2021,"using ""cloglog"" link function",Model 3,https://github.com/eurotsunamirisk/etris_data_and_data_products/blob/main/etris_data_products/Fragility_Curves/Japan_ConstructionMaterials_I_M3.csv,https://doi.org/10.5194/nhess-21-1887-2021,23,
Yes,"Cargo Handling Industry, Building",,Tohoku Earthquake and Tsunami 2011,40.19305556,141.8002778,4 Tier/Chua et al. 2021,"using ""logit"" link function",Model 1,https://github.com/eurotsunamirisk/etris_data_and_data_products/blob/main/etris_data_products/Fragility_Curves/Japan_CargoHandling_B_M1.csv,https://doi.org/10.5194/nhess-21-1887-2021,24,
Yes,"Cargo Handling Industry, Building",,Tohoku Earthquake and Tsunami 2011,40.19611111,141.7997222,4 Tier/Chua et al. 2021,"using ""probit"" link function",Model 2,https://github.com/eurotsunamirisk/etris_data_and_data_products/blob/main/etris_data_products/Fragility_Curves/Japan_CargoHandling_B_M2.csv,https://doi.org/10.5194/nhess-21-1887-2021,24,
Yes,"Cargo Handling, Building",,Tohoku Earthquake and Tsunami 2011,40.19277778,141.8027778,4 Tier/Chua et al. 2021,"using ""cloglog"" link function",Model 3,https://github.com/eurotsunamirisk/etris_data_and_data_products/blob/main/etris_data_products/Fragility_Curves/Japan_CargoHandling_B_M3.csv,https://doi.org/10.5194/nhess-21-1887-2021,24,
Yes,"Cargo Handling Industry, Infrastructure",,Tohoku Earthquake and Tsunami 2011,38.41333333,141.3202778,4 Tier/Chua et al. 2021,"using ""logit"" link function",Model 1,https://github.com/eurotsunamirisk/etris_data_and_data_products/blob/main/etris_data_products/Fragility_Curves/Japan_CargoHandling_I_M1.csv,https://doi.org/10.5194/nhess-21-1887-2021,25,
Yes,"Cargo Handling Industry, Infrastructure",,Tohoku Earthquake and Tsunami 2011,38.41361111,141.3261111,4 Tier/Chua et al. 2021,"using ""probit"" link function",Model 2,https://github.com/eurotsunamirisk/etris_data_and_data_products/blob/main/etris_data_products/Fragility_Curves/Japan_CargoHandling_I_M2.csv,https://doi.org/10.5194/nhess-21-1887-2021,25,
Yes,"Cargo Handling Industry, Infrastructure",,Tohoku Earthquake and Tsunami 2011,38.41388889,141.3313889,4 Tier/Chua et al. 2021,"using ""cloglog"" link function",Model 3,https://github.com/eurotsunamirisk/etris_data_and_data_products/blob/main/etris_data_products/Fragility_Curves/Japan_CargoHandling_I_M3.csv,https://doi.org/10.5194/nhess-21-1887-2021,25,
Yes,"Energy-related Industry, Building",,Tohoku Earthquake and Tsunami 2011,38.26583333,140.9958333,4 Tier/Chua et al. 2021,"using ""logit"" link function",Model 1,https://github.com/eurotsunamirisk/etris_data_and_data_products/blob/main/etris_data_products/Fragility_Curves/Japan_EnergyRelated_B_M1.csv,https://doi.org/10.5194/nhess-21-1887-2021,26,
Yes,"Energy-related Industry, Building",,Tohoku Earthquake and Tsunami 2011,38.26555556,141.0025,4 Tier/Chua et al. 2021,"using ""probit"" link function",Model 2,https://github.com/eurotsunamirisk/etris_data_and_data_products/blob/main/etris_data_products/Fragility_Curves/Japan_EnergyRelated_B_M2.csv,https://doi.org/10.5194/nhess-21-1887-2021,26,
Yes,"Energy-related Industry, Building",,Tohoku Earthquake and Tsunami 2011,38.26555556,141.0088889,4 Tier/Chua et al. 2021,"using ""cloglog"" link function",Model 3,https://github.com/eurotsunamirisk/etris_data_and_data_products/blob/main/etris_data_products/Fragility_Curves/Japan_EnergyRelated_B_M3.csv,https://doi.org/10.5194/nhess-21-1887-2021,26,
Yes,"Energy-related Industry, Infrastructure",,Tohoku Earthquake and Tsunami 2011,38.26333333,140.9972222,4 Tier/Chua et al. 2021,"using ""logit"" link function",Model 1,https://github.com/eurotsunamirisk/etris_data_and_data_products/blob/main/etris_data_products/Fragility_Curves/Japan_EnergyRelated_I_M1.csv,https://doi.org/10.5194/nhess-21-1887-2021,27,
Yes,"Energy-related Industry, Infrastructure",,Tohoku Earthquake and Tsunami 2011,38.26305556,141.0027778,4 Tier/Chua et al. 2021,"using ""probit"" link function",Model 2,https://github.com/eurotsunamirisk/etris_data_and_data_products/blob/main/etris_data_products/Fragility_Curves/Japan_EnergyRelated_I_M2.csv,https://doi.org/10.5194/nhess-21-1887-2021,27,
Yes,"Energy-related Industry, Infrastructure",,Tohoku Earthquake and Tsunami 2011,38.26277778,141.0091667,4 Tier/Chua et al. 2021,"using ""cloglog"" link function",Model 3,https://github.com/eurotsunamirisk/etris_data_and_data_products/blob/main/etris_data_products/Fragility_Curves/Japan_EnergyRelated_I_M3.csv,https://doi.org/10.5194/nhess-21-1887-2021,27,
Yes,"Food Industry, Building",,Tohoku Earthquake and Tsunami 2011,38.27611111,141.0211111,4 Tier/Chua et al. 2021,"using ""logit"" link function",Model 1,https://github.com/eurotsunamirisk/etris_data_and_data_products/blob/main/etris_data_products/Fragility_Curves/Japan_Food_B_M1.csv,https://doi.org/10.5194/nhess-21-1887-2021,28,
Yes,"Food Industry, Building",,Tohoku Earthquake and Tsunami 2011,38.27638889,141.0141667,4 Tier/Chua et al. 2021,"using ""probit"" link function",Model 2,https://github.com/eurotsunamirisk/etris_data_and_data_products/blob/main/etris_data_products/Fragility_Curves/Japan_Food_B_M2.csv,https://doi.org/10.5194/nhess-21-1887-2021,28,
Yes,"Food Industry, Building",,Tohoku Earthquake and Tsunami 2011,38.27611111,141.0075,4 Tier/Chua et al. 2021,"using ""cloglog"" link function",Model 3,https://github.com/eurotsunamirisk/etris_data_and_data_products/blob/main/etris_data_products/Fragility_Curves/Japan_Food_B_M3.csv,https://doi.org/10.5194/nhess-21-1887-2021,28,
Yes,"Food Industry, Infrastructure",,Tohoku Earthquake and Tsunami 2011,38.28111111,141.0213889,4 Tier/Chua et al. 2021,"using ""logit"" link function",Model 1,https://github.com/eurotsunamirisk/etris_data_and_data_products/blob/main/etris_data_products/Fragility_Curves/Japan_Food_I_M1.csv,https://doi.org/10.5194/nhess-21-1887-2021,29,
Yes,"Food Industry, Infrastructure",,Tohoku Earthquake and Tsunami 2011,38.28111111,141.0141667,4 Tier/Chua et al. 2021,"using ""probit"" link function",Model 2,https://github.com/eurotsunamirisk/etris_data_and_data_products/blob/main/etris_data_products/Fragility_Curves/Japan_Food_I_M2.csv,https://doi.org/10.5194/nhess-21-1887-2021,29,
Yes,"Food Industry, Infrastructure",,Tohoku Earthquake and Tsunami 2011,38.28166667,141.0083333,4 Tier/Chua et al. 2021,"using ""cloglog"" link function",Model 3,https://github.com/eurotsunamirisk/etris_data_and_data_products/blob/main/etris_data_products/Fragility_Curves/Japan_Food_I_M3.csv,https://doi.org/10.5194/nhess-21-1887-2021,29,
Yes,"Manufacturing Industry, Building",,Tohoku Earthquake and Tsunami 2011,37.82694444,140.9447222,4 Tier/Chua et al. 2021,"using ""logit"" link function",Model 1,https://github.com/eurotsunamirisk/etris_data_and_data_products/blob/main/etris_data_products/Fragility_Curves/Japan_Manufacturing_B_M1.csv,https://doi.org/10.5194/nhess-21-1887-2021,28,
Yes,"Manufacturing Industry, Building",,Tohoku Earthquake and Tsunami 2011,37.83027778,140.9436111,4 Tier/Chua et al. 2021,"using ""probit"" link function",Model 2,https://github.com/eurotsunamirisk/etris_data_and_data_products/blob/main/etris_data_products/Fragility_Curves/Japan_Manufacturing_B_M2.csv,https://doi.org/10.5194/nhess-21-1887-2021,28,
Yes,"Manufacturing Industry, Building",,Tohoku Earthquake and Tsunami 2011,37.82833333,140.9419444,4 Tier/Chua et al. 2021,"using ""cloglog"" link function",Model 3,https://github.com/eurotsunamirisk/etris_data_and_data_products/blob/main/etris_data_products/Fragility_Curves/Japan_Manufacturing_B_M3.csv,https://doi.org/10.5194/nhess-21-1887-2021,28,
Yes,"Manufacturing Industry, Infrastructure",,Tohoku Earthquake and Tsunami 2011,37.84361111,140.9447222,4 Tier/Chua et al. 2021,"using ""logit"" link function",Model 1,https://github.com/eurotsunamirisk/etris_data_and_data_products/blob/main/etris_data_products/Fragility_Curves/Japan_Manufacturing_I_M1.csv,https://doi.org/10.5194/nhess-21-1887-2021,29,
Yes,"Manufacturing Industry, Infrastructure",,Tohoku Earthquake and Tsunami 2011,37.84222222,140.9455556,4 Tier/Chua et al. 2021,"using ""probit"" link function",Model 2,https://github.com/eurotsunamirisk/etris_data_and_data_products/blob/main/etris_data_products/Fragility_Curves/Japan_Manufacturing_I_M2.csv,https://doi.org/10.5194/nhess-21-1887-2021,29,
Yes,"Manufacturing Industry, Infrastructure",,Tohoku Earthquake and Tsunami 2011,37.84166667,140.9472222,4 Tier/Chua et al. 2021,"using ""cloglog"" link function",Model 3,https://github.com/eurotsunamirisk/etris_data_and_data_products/blob/main/etris_data_products/Fragility_Curves/Japan_Manufacturing_I_M3.csv,https://doi.org/10.5194/nhess-21-1887-2021,29,
Yes,"Warehousing and Distribution, Building",,Tohoku Earthquake and Tsunami 2011,36.93972222,140.8841667,4 Tier/Chua et al. 2021,"using ""logit"" link function",Model 1,https://github.com/eurotsunamirisk/etris_data_and_data_products/blob/main/etris_data_products/Fragility_Curves/Japan_WarehouseDistribution_B_M1.csv,https://doi.org/10.5194/nhess-21-1887-2021,30,
Yes,"Warehousing and Distribution, Building",,Tohoku Earthquake and Tsunami 2011,36.94277778,140.8838889,4 Tier/Chua et al. 2021,"using ""probit"" link function",Model 2,https://github.com/eurotsunamirisk/etris_data_and_data_products/blob/main/etris_data_products/Fragility_Curves/Japan_WarehouseDistribution_B_M2.csv,https://doi.org/10.5194/nhess-21-1887-2021,30,
Yes,"Warehousing and Distribution, Building",,Tohoku Earthquake and Tsunami 2011,36.94361111,140.8802778,4 Tier/Chua et al. 2021,"using ""cloglog"" link function",Model 3,https://github.com/eurotsunamirisk/etris_data_and_data_products/blob/main/etris_data_products/Fragility_Curves/Japan_WarehouseDistribution_B_M3.csv,https://doi.org/10.5194/nhess-21-1887-2021,30,
Yes,"Warehousing and Distribution, Infrastructure",,Tohoku Earthquake and Tsunami 2011,"36.9425,",140.8888889,4 Tier/Chua et al. 2021,"using ""logit"" link function",Model 1,https://github.com/eurotsunamirisk/etris_data_and_data_products/blob/main/etris_data_products/Fragility_Curves/Japan_WarehouseDistribution_I_M1.csv,https://doi.org/10.5194/nhess-21-1887-2021,31,
Yes,"Warehousing and Distribution, Infrastructure",,Tohoku Earthquake and Tsunami 2011,36.94527778,140.8883333,4 Tier/Chua et al. 2021,"using ""probit"" link function",Model 2,https://github.com/eurotsunamirisk/etris_data_and_data_products/blob/main/etris_data_products/Fragility_Curves/Japan_WarehouseDistribution_I_M2.csv,https://doi.org/10.5194/nhess-21-1887-2021,31,
Yes,"Warehousing and Distribution, Infrastructure",,Tohoku Earthquake and Tsunami 2011,36.94694444,140.885,4 Tier/Chua et al. 2021,"using ""cloglog"" link function",Model 3,https://github.com/eurotsunamirisk/etris_data_and_data_products/blob/main/etris_data_products/Fragility_Curves/Japan_WarehouseDistribution_I_M3.csv,https://doi.org/10.5194/nhess-21-1887-2021,31,
Yes,"Petrochemical Industry, Building",,Tohoku Earthquake and Tsunami 2011,36.50388889,140.6202778,4 Tier/Chua et al. 2021,"using ""logit"" link function",Model 1,https://github.com/eurotsunamirisk/etris_data_and_data_products/blob/main/etris_data_products/Fragility_Curves/Japan_Petrochemical_B_M1.csv,https://doi.org/10.5194/nhess-21-1887-2021,28,
Yes,"Petrochemical Industry, Building",,Tohoku Earthquake and Tsunami 2011,36.50555556,140.6186111,4 Tier/Chua et al. 2021,"using ""probit"" link function",Model 2,https://github.com/eurotsunamirisk/etris_data_and_data_products/blob/main/etris_data_products/Fragility_Curves/Japan_Petrochemical_B_M2.csv,https://doi.org/10.5194/nhess-21-1887-2021,28,
Yes,"Petrochemical Industry, Building",,Tohoku Earthquake and Tsunami 2011,36.50611111,140.6216667,4 Tier/Chua et al. 2021,"using ""cloglog"" link function",Model 3,https://github.com/eurotsunamirisk/etris_data_and_data_products/blob/main/etris_data_products/Fragility_Curves/Japan_Petrochemical_B_M3.csv,https://doi.org/10.5194/nhess-21-1887-2021,28,
Yes,"Petrochemical Industry, Infrastructure",,Tohoku Earthquake and Tsunami 2011,36.50416667,140.6230556,4 Tier/Chua et al. 2021,"using ""logit"" link function",Model 1,https://github.com/eurotsunamirisk/etris_data_and_data_products/blob/main/etris_data_products/Fragility_Curves/Japan_Petrochemical_I_M1.csv,https://doi.org/10.5194/nhess-21-1887-2021,29,
Yes,"Petrochemical Industry, Infrastructure",,Tohoku Earthquake and Tsunami 2011,36.50416667,140.6263889,4 Tier/Chua et al. 2021,"using ""probit"" link function",Model 2,https://github.com/eurotsunamirisk/etris_data_and_data_products/blob/main/etris_data_products/Fragility_Curves/Japan_Petrochemical_I_M2.csv,https://doi.org/10.5194/nhess-21-1887-2021,29,
Yes,"Petrochemical Industry, Infrastructure",,Tohoku Earthquake and Tsunami 2011,36.50777778,140.62,4 Tier/Chua et al. 2021,"using ""cloglog"" link function",Model 3,https://github.com/eurotsunamirisk/etris_data_and_data_products/blob/main/etris_data_products/Fragility_Curves/Japan_Petrochemical_I_M3.csv,https://doi.org/10.5194/nhess-21-1887-2021,29,
